<?xml version="1.0" encoding="UTF-8"?>
<!--
    The properties in this file are specific to the zomjong flavor of the game.
-->
<properties>
  <property_list>    
    <property name="GAME_TITLE_TEXT"            value="Zombie Crush Saga"></property>
    <property name="WINDOW_ICON"                value="./zomcrush/TileZombieGargantuar.png"></property>
        
    <!-- BIG, FULL VIEWPORT BACKGROUND SCREEN IMAGES -->
    <property name="SPLASH_SCREEN_IMAGE_NAME"   value="./zomcrush/ZomCrushSplashBackground.png"></property>
    <property name="GAME_BACKGROUND_IMAGE_NAME" value="./zomcrush/UIZomcrushGameBackground.png"></property>
    <property name="SAGA_SCREEN_1_IMAGE_NAME"     value="./zomcrush/SagaScreenWithLevels1.png"></property>
    <property name="SAGA_SCREEN_2_IMAGE_NAME"     value="./zomcrush/SagaScreenWithLevels2.png"></property>
    <property name="SAGA_SCREEN_3_IMAGE_NAME"     value="./zomcrush/SagaScreenWithLevels3.png"></property>
    <property name="SAGA_SCREEN_4_IMAGE_NAME"     value="./zomcrush/SagaScreenWithLevels4.png"></property>
    <property name="SAGA_SCREEN_5_IMAGE_NAME"     value="./zomcrush/SagaScreenWithLevels5.png"></property>
    <property name="SAGA_SCREEN_6_IMAGE_NAME"     value="./zomcrush/SagaScreenWithLevels6.png"></property>
    <property name="SAGA_SCREEN_7_IMAGE_NAME"     value="./zomcrush/SagaScreenWithLevels7.png"></property>
    <property name="SAGA_SCREEN_8_IMAGE_NAME"     value="./zomcrush/SagaScreenWithLevels8.png"></property>
    <property name="SAGA_SCREEN_9_IMAGE_NAME"     value="./zomcrush/SagaScreenWithLevels9.png"></property>

    <property name="ABOUT_SCREEN_IMAGE_NAME"     value="./zomcrush/UIZomcrushAboutScreen.png"></property>
    <property name="LEVEL_SCREEN_IMAGE_NAME"     value="./zomcrush/UIZomcrushLevelScreen.png"></property>
        
    <!-- GAME SCREEN NORTH TOOLBAR UI IMAGES -->
<!--    <property name="NEW_BUTTON_IMAGE_NAME"              value="./zomcrush/UIZomcrushNewGame.png"></property>
    <property name="NEW_BUTTON_MOUSE_OVER_IMAGE_NAME"   value="./zomcrush/UIZomcrushNewGameMouseOver.png"></property>-->
    <property name="TIME_IMAGE_NAME"                    value="./zomcrush/UIZomcrushTimeContainer.png"></property>
<!--    <property name="STATS_BUTTON_IMAGE_NAME"            value="./zomcrush/UIZomcrushStats.png"></property>
    <property name="STATS_BUTTON_MOUSE_OVER_IMAGE_NAME" value="./zomcrush/UIZomcrushStatsMouseOver.png"></property>-->
    <property name="BACK_BUTTON_IMAGE_NAME"             value="./zomcrush/UIZomcrushBack.png"></property>
    <property name="BACK_BUTTON_MOUSE_OVER_IMAGE_NAME"  value="./zomcrush/UIZomcrushBackMouseOver.png"></property>
<!--    <property name="TILE_STACK_IMAGE_NAME"              value="./zomcrush/UIZomcrushTileStack.png"></property>
    <property name="TILES_COUNT_IMAGE_NAME"             value="./zomcrush/UIZomcrushTilesCountContainer.png"></property>-->
    
    <property name="LIVES_IMAGE_NAME"                    value="./zomcrush/UIZomcrushLivesContainer.png"></property>
    <property name="MOVES_IMAGE_NAME"                    value="./zomcrush/UIZomcrushMovesContainer.png"></property>
    <property name="NEXT_STAR_IMAGE_NAME"                value="./zomcrush/UIZomcrushNextStarContainer.png"></property>
    <property name="SCORE_IMAGE_NAME"                    value="./zomcrush/UIZomcrushScoreContainer.png"></property>
    <property name="STAR_IMAGE_NAME"                     value="./zomcrush/UIZomcrushStarContainer.png"></property>
    
    <property name="STAR_RED_IMAGE_NAME"                     value="./zomcrush/UIZomcrushStarRed.png"></property>
    <property name="STAR_BLUE_IMAGE_NAME"                     value="./zomcrush/UIZomcrushStarBlue.png"></property>
    <property name="STAR_PURPLE_IMAGE_NAME"                     value="./zomcrush/UIZomcrushStarPurple.png"></property>
    
    <property name="PLAY_BUTTON_IMAGE_NAME"             value="./zomcrush/UIZomcrushPlay.png"></property>
    <property name="PLAY_BUTTON_MOUSE_OVER_IMAGE_NAME"  value="./zomcrush/UIZomcrushPlayMouseOver.png"></property>
    <property name="RESET_BUTTON_IMAGE_NAME"            value="./zomcrush/UIZomcrushReset.png"></property>
    <property name="RESET_BUTTON_MOUSE_OVER_IMAGE_NAME" value="./zomcrush/UIZomcrushResetMouseOver.png"></property>
    <property name="QUIT_BUTTON_SPLASH_IMAGE_NAME"            value="./zomcrush/UIZomcrushQuitSplash.png"></property>
    <property name="QUIT_BUTTON_SPLASH_MOUSE_OVER_IMAGE_NAME" value="./zomcrush/UIZomcrushQuitSplashMouseOver.png"></property>
    
    <property name="UP_BUTTON_IMAGE_NAME"               value="./zomcrush/UIZomcrushUp.png"></property>
    <property name="UP_BUTTON_MOUSE_OVER_IMAGE_NAME"    value="./zomcrush/UIZomcrushUpMouseOver.png"></property>
    <property name="DOWN_BUTTON_IMAGE_NAME"             value="./zomcrush/UIZomcrushDown.png"></property>
    <property name="DOWN_BUTTON_MOUSE_OVER_IMAGE_NAME"  value="./zomcrush/UIZomcrushDownMouseOver.png"></property>
    <property name="QUIT_BUTTON_SAGA_IMAGE_NAME"            value="./zomcrush/UIZomcrushQuitSaga.png"></property>
    <property name="QUIT_BUTTON_SAGA_MOUSE_OVER_IMAGE_NAME" value="./zomcrush/UIZomcrushQuitSagaMouseOver.png"></property>
    <property name="ABOUT_BUTTON_IMAGE_NAME"            value="./zomcrush/UIZomcrushAbout.png"></property>
    <property name="ABOUT_BUTTON_MOUSE_OVER_IMAGE_NAME" value="./zomcrush/UIZomcrushAboutMouseOver.png"></property>
    
    <property name="RETURN_FROM_ABOUT_BUTTON_IMAGE_NAME"            value="./zomcrush/UIZomcrushReturnToSaga.png"></property>
    <property name="RETURN_FROM_ABOUT_BUTTON_MOUSE_OVER_IMAGE_NAME" value="./zomcrush/UIZomcrushReturnToSagaMouseOver.png"></property>
    
    <property name="PLAY_LEVEL_BUTTON_IMAGE_NAME"            value="./zomcrush/UIZomcrushPlayLevel.png"></property>
    <property name="PLAY_LEVEL_BUTTON_MOUSE_OVER_IMAGE_NAME" value="./zomcrush/UIZomcrushPlayLevelMouseOver.png"></property>
    <property name="RETURN_FROM_LEVEL_BUTTON_IMAGE_NAME"            value="./zomcrush/UIZomcrushReturnToSaga.png"></property>
    <property name="RETURN_FROM_LEVEL_BUTTON_MOUSE_OVER_IMAGE_NAME" value="./zomcrush/UIZomcrushReturnToSagaMouseOver.png"></property>

    <!-- DIALOG IMAGES -->
    <property name="WIN_DIALOG_IMAGE_NAME"             value="./zomcrush/UIZomcrushWinDialog.png"></property>
    <property name="LOSS_DIALOG_IMAGE_NAME"            value="./zomcrush/UIZomcrushLossDialog.png"></property>
    <property name="STATS_DIALOG_IMAGE_NAME"           value="./zomcrush/UIZomcrushStatsDialog.png"></property>

    <!-- BASE TILE RENDERING IMAGES -->
    <property name="BLANK_TILE_IMAGE_NAME"              value="./zomcrush/UIZomcrushBlankTile.png"></property>
    <property name="BLANK_TILE_SELECTED_IMAGE_NAME"     value="./zomcrush/UIZomcrushBlankTileSelected.png"></property>
        
    <!-- AUDIO FILES -->
    <property name="SELECT_AUDIO_CUE"                   value="./zomcrush/AudioZomcrushSelectTile.wav"></property>
    <property name="MATCH_AUDIO_CUE"                    value="./zomcrush/AudioZomcrushMatchFound.wav"></property>
    <property name="NO_MATCH_AUDIO_CUE"                 value="./zomcrush/AudioZomcrushTilesDoNotMatch.wav"></property>
    <property name="BLOCKED_TILE_AUDIO_CUE"             value="./zomcrush/AudioZomcrushBlockedTile.wav"></property>
    <property name="WIN_AUDIO_CUE"                      value="./zomcrush/AudioZomcrushWin.wav"></property>
    <property name="LOSS_AUDIO_CUE"                     value="./zomcrush/AudioZomcrushLoss.wav"></property>
    <property name="SAGA_SCREEN_SONG_CUE"               value="./zomcrush/AudioZomcrushSaga.wav"></property>
    <property name="SPLASH_SCREEN_SONG_CUE"             value="./zomcrush/AudioZomcrushSplashScreenSong.mid"></property>
    <property name="GAMEPLAY_SONG_CUE"                  value="./zomcrush/AudioZomcrushInGameSong.mid"></property>
    <property name="ABOUT_SCREEN_SONG_CUE"               value="./zomcrush/AudioZomcrushSaga.wav"></property>
    <property name="LEVEL_SCREEN_SONG_CUE"               value="./zomcrush/AudioZomcrushInGameSong.mid"></property>       
  </property_list>
  <property_options_list>
    <property_options name="LEVEL_OPTIONS">
      <option>./zomcrush/Level1.zom</option>
      <option>./zomcrush/Level2.zom</option>
      <option>./zomcrush/Level3.zom</option>
      <option>./zomcrush/Level4.zom</option>
      <option>./zomcrush/Level5.zom</option>
      <option>./zomcrush/Level6.zom</option>
      <option>./zomcrush/Level7.zom</option>
      <option>./zomcrush/Level8.zom</option>
      <option>./zomcrush/Level9.zom</option>
      <option>./zomcrush/Level10.zom</option>
      <option>./zomcrush/Level11.zom</option>
    </property_options>
    <property_options name="LEVEL_IMAGE_OPTIONS">
      <option>./zomcrush/Level1.png</option>
      <option>./zomcrush/Level2.png</option>
      <option>./zomcrush/Level3.png</option>
      <option>./zomcrush/Level4.png</option>
      <option>./zomcrush/Level5.png</option>
      <option>./zomcrush/Level6.png</option>
      <option>./zomcrush/Level7.png</option>
      <option>./zomcrush/Level8.png</option>
      <option>./zomcrush/Level9.png</option>
      <option>./zomcrush/Level10.png</option>
      <option>./zomcrush/Level11.png</option>
    </property_options>
    <property_options name="LEVEL_MOUSE_OVER_IMAGE_OPTIONS">
      <option>./zomcrush/Level1MouseOver.png</option>
      <option>./zomcrush/Level2MouseOver.png</option>
      <option>./zomcrush/Level3MouseOver.png</option>
      <option>./zomcrush/Level4MouseOver.png</option>
      <option>./zomcrush/Level5MouseOver.png</option>
      <option>./zomcrush/Level6MouseOver.png</option>
      <option>./zomcrush/Level7MouseOver.png</option>
      <option>./zomcrush/Level8MouseOver.png</option>
      <option>./zomcrush/Level9MouseOver.png</option>
      <option>./zomcrush/Level10MouseOver.png</option>
      <option>./zomcrush/Level11MouseOver.png</option>
    </property_options>
    
    <property_options name="TYPE_A_TILES">
      <option>./zomcrush/TileZombieDuckyTube.png</option>
      <option>./zomcrush/TileZombieDuckyTubeSquash.png</option>
      <option>./zomcrush/TileZombieDuckyTubeWallnut.png</option>
    </property_options>
    <property_options name="TYPE_B_TILES">
      <option>./zomcrush/TileZombieGargantuar.png</option>
      <option>./zomcrush/TileZombieGargantuarSquash.png</option>
      <option>./zomcrush/TileZombieGargantuarWallnut.png</option>
    </property_options>
    <property_options name="TYPE_C_TILES">
      <option>./zomcrush/TileZombieGigaFootball.png</option>
      <option>./zomcrush/TileZombieGigaFootballSquash.png</option>
      <option>./zomcrush/TileZombieGigaFootballWallnut.png</option>
    </property_options>
    <property_options name="TYPE_D_TILES">
      <option>./zomcrush/TileZombieTarget.png</option>
      <option>./zomcrush/TileZombieTargetSquash.png</option>
      <option>./zomcrush/TileZombieTargetWallnut.png</option>
    </property_options>
    <property_options name="TYPE_E_TILES">
      <option>./zomcrush/TileZombieYeti.png</option>
      <option>./zomcrush/TileZombieYetiSquash.png</option>
      <option>./zomcrush/TileZombieYetiWallnut.png</option>
    </property_options>
    <property_options name="TYPE_F_TILES">
      <option>./zomcrush/TileZombieZomboni.png</option>
      <option>./zomcrush/TileZombieZomboniSquash.png</option>
      <option>./zomcrush/TileZombieZomboniWallnut.png</option>
    </property_options>
    <property_options name="TYPE_STRIPED_TILES">
      <option>./zomcrush/TileZombieDuckyTubeWallnut.png</option>
      <option>./zomcrush/TileZombieGargantuarWallnut.png</option>
      <option>./zomcrush/TileZombieGigaFootballWallnut.png</option>
      <option>./zomcrush/TileZombieTargetWallnut.png</option>
      <option>./zomcrush/TileZombieYetiWallnut.png</option>
      <option>./zomcrush/TileZombieZomboniWallnut.png</option>
    </property_options>
    <property_options name="TYPE_BOMB_TILES">
      <option>./zomcrush/TileCherryBomb.png</option>
    </property_options>
    <property_options name="TYPE_WRAPPER_TILES">
      <option>./zomcrush/TileZombieDuckyTubeSquash.png</option>
      <option>./zomcrush/TileZombieGargantuarSquash.png</option>
      <option>./zomcrush/TileZombieGigaFootballSquash.png</option>
      <option>./zomcrush/TileZombieTargetSquash.png</option>
      <option>./zomcrush/TileZombieYetiSquash.png</option>
      <option>./zomcrush/TileZombieZomboniSquash.png</option>
    </property_options>
  </property_options_list>
</properties>